﻿<?xml version="1.0" encoding="UTF-8"?>
<!DOCTYPE grant_loans SYSTEM "http://api.sba.gov/dtd/loans_grants.dtd"[]>
<grant_loans count="43">
  <grant_loan>
    <agency>Export-Import Bank of the United States</agency>
    <description>Ex-Im Bank provides a guarantee on working capital loans provided by commercial lenders to help extend short-term loans to small- and medium-size businesses for their export funding needs.  This resource includes information on eligibility and a list of participating lenders.</description>
    <gov_type>Federal</gov_type>
    <industry nil="true" />
    <is_contractor>0</is_contractor>
    <is_development>0</is_development>
    <is_disabled>0</is_disabled>
    <is_disaster>0</is_disaster>
    <is_exporting>1</is_exporting>
    <is_general_purpose>0</is_general_purpose>
    <is_green>0</is_green>
    <is_military>0</is_military>
    <is_minority>0</is_minority>
    <is_rural>0</is_rural>
    <is_woman>0</is_woman>
    <loan_type>Loan</loan_type>
    <state_name nil="true" />
    <title>Working Capital Guarantee Program</title>
    <url>http://www.exim.gov/products/work_cap.cfm</url>
  </grant_loan>
  <grant_loan>
    <agency>National Oceanic and Atmospheric Administration (NOAA)</agency>
    <description>Provides long term financing for the cost of construction or reconstruction of fishing vessels, shoreline facilities, and aquacultural facilities.</description>
    <gov_type>Federal</gov_type>
    <industry>Agriculture</industry>
    <is_contractor>0</is_contractor>
    <is_development>0</is_development>
    <is_disabled>0</is_disabled>
    <is_disaster>0</is_disaster>
    <is_exporting>0</is_exporting>
    <is_general_purpose>0</is_general_purpose>
    <is_green>0</is_green>
    <is_military>0</is_military>
    <is_minority>0</is_minority>
    <is_rural>0</is_rural>
    <is_woman>0</is_woman>
    <loan_type>Loan</loan_type>
    <state_name nil="true" />
    <title>Fisheries Finance Program</title>
    <url>http://www.nmfs.noaa.gov/mb/financial_services/ffp.htm</url>
  </grant_loan>
  <grant_loan>
    <agency>Overseas Private Investment Corporation</agency>
    <description>For companies with annual revenues under $250,000, this program provides medium- to long-term funding through direct loans and loan guarantees to eligible investment projects in developing countries and emerging markets. </description>
    <gov_type>Federal</gov_type>
    <industry nil="true" />
    <is_contractor>0</is_contractor>
    <is_development>0</is_development>
    <is_disabled>0</is_disabled>
    <is_disaster>0</is_disaster>
    <is_exporting>1</is_exporting>
    <is_general_purpose>0</is_general_purpose>
    <is_green>0</is_green>
    <is_military>0</is_military>
    <is_minority>0</is_minority>
    <is_rural>0</is_rural>
    <is_woman>0</is_woman>
    <loan_type>Loan</loan_type>
    <state_name nil="true" />
    <title>Small and Medium Enterprise Financing Program</title>
    <url>http://www.opic.gov/financing</url>
  </grant_loan>
  <grant_loan>
    <agency>U.S. Dept of Agriculture</agency>
    <description>Loans aimed at improving economic and environmental climate in rural communities. Funds may be used for buying a business to keep it from closing; purchasing land, buildings, machinery or equipment; and related activities.</description>
    <gov_type>Federal</gov_type>
    <industry nil="true" />
    <is_contractor>0</is_contractor>
    <is_development>0</is_development>
    <is_disabled>0</is_disabled>
    <is_disaster>0</is_disaster>
    <is_exporting>0</is_exporting>
    <is_general_purpose>0</is_general_purpose>
    <is_green>0</is_green>
    <is_military>0</is_military>
    <is_minority>0</is_minority>
    <is_rural>1</is_rural>
    <is_woman>0</is_woman>
    <loan_type>Loan</loan_type>
    <state_name nil="true" />
    <title>Rural Business and Industry Guaranteed Loans</title>
    <url>http://www.rurdev.usda.gov/rbs/busp/b&amp;i_gar.htm</url>
  </grant_loan>
  <grant_loan>
    <agency>U.S. Dept of Agriculture</agency>
    <description>Provides low-interest financing for producers to build or upgrade farm storage and handling facilities.</description>
    <gov_type>Federal</gov_type>
    <industry>Agriculture</industry>
    <is_contractor>0</is_contractor>
    <is_development>0</is_development>
    <is_disabled>0</is_disabled>
    <is_disaster>0</is_disaster>
    <is_exporting>0</is_exporting>
    <is_general_purpose>0</is_general_purpose>
    <is_green>0</is_green>
    <is_military>0</is_military>
    <is_minority>0</is_minority>
    <is_rural>0</is_rural>
    <is_woman>0</is_woman>
    <loan_type>Loan</loan_type>
    <state_name nil="true" />
    <title>Farm Storage Facility Loan Program</title>
    <url>http://www.fsa.usda.gov/FSA/webapp?area=home&amp;subject=prsu&amp;topic=flp-fp</url>
  </grant_loan>
  <grant_loan>
    <agency>U.S. Dept of Agriculture</agency>
    <description>Direct and guaranteed loans to beginning farmers and ranchers who are unable to obtain financing from commercial credit sources.</description>
    <gov_type>Federal</gov_type>
    <industry>Agriculture</industry>
    <is_contractor>0</is_contractor>
    <is_development>0</is_development>
    <is_disabled>0</is_disabled>
    <is_disaster>0</is_disaster>
    <is_exporting>0</is_exporting>
    <is_general_purpose>0</is_general_purpose>
    <is_green>0</is_green>
    <is_military>0</is_military>
    <is_minority>0</is_minority>
    <is_rural>0</is_rural>
    <is_woman>0</is_woman>
    <loan_type>Loan</loan_type>
    <state_name nil="true" />
    <title>Beginning Farms and Ranchers Loans</title>
    <url>http://www.fsa.usda.gov/FSA/webapp?area=home&amp;subject=fmlp&amp;topic=bfl</url>
  </grant_loan>
  <grant_loan>
    <agency>U.S. Dept of Agriculture</agency>
    <description>Loans to processors of domestically-produced sugarcane and sugar beets for the construction or upgrading of storage and handling facilities for raw sugars and refined sugars.</description>
    <gov_type>Federal</gov_type>
    <industry>Agriculture</industry>
    <is_contractor>0</is_contractor>
    <is_development>0</is_development>
    <is_disabled>0</is_disabled>
    <is_disaster>0</is_disaster>
    <is_exporting>0</is_exporting>
    <is_general_purpose>0</is_general_purpose>
    <is_green>0</is_green>
    <is_military>0</is_military>
    <is_minority>0</is_minority>
    <is_rural>0</is_rural>
    <is_woman>0</is_woman>
    <loan_type>Loan</loan_type>
    <state_name nil="true" />
    <title>Sugar Storage Facility Loan Program</title>
    <url>http://www.fsa.usda.gov/FSA/webapp?area=home&amp;subject=prsu&amp;topic=flp-sp</url>
  </grant_loan>
  <grant_loan>
    <agency>U.S. Dept of Agriculture</agency>
    <description>Loan programs for starting and operating farms and other agricultural businesses.</description>
    <gov_type>Federal</gov_type>
    <industry>Agriculture</industry>
    <is_contractor>0</is_contractor>
    <is_development>0</is_development>
    <is_disabled>0</is_disabled>
    <is_disaster>0</is_disaster>
    <is_exporting>0</is_exporting>
    <is_general_purpose>0</is_general_purpose>
    <is_green>0</is_green>
    <is_military>0</is_military>
    <is_minority>0</is_minority>
    <is_rural>0</is_rural>
    <is_woman>0</is_woman>
    <loan_type>Loan</loan_type>
    <state_name nil="true" />
    <title>Direct Farm Loans</title>
    <url>http://www.fsa.usda.gov/FSA/webapp?area=home&amp;subject=fmlp&amp;topic=dfl</url>
  </grant_loan>
  <grant_loan>
    <agency>U.S. Dept of Agriculture</agency>
    <description>Emergency loans to help producers recover from production and physical losses due to drought, flooding, other natural disasters, or quarantine.</description>
    <gov_type>Federal</gov_type>
    <industry>Agriculture</industry>
    <is_contractor>0</is_contractor>
    <is_development>0</is_development>
    <is_disabled>0</is_disabled>
    <is_disaster>1</is_disaster>
    <is_exporting>0</is_exporting>
    <is_general_purpose>0</is_general_purpose>
    <is_green>0</is_green>
    <is_military>0</is_military>
    <is_minority>0</is_minority>
    <is_rural>0</is_rural>
    <is_woman>0</is_woman>
    <loan_type>Loan</loan_type>
    <state_name nil="true" />
    <title>Emergency Farm Loans</title>
    <url>http://www.fsa.usda.gov/FSA/webapp?area=home&amp;subject=fmlp&amp;topic=efl</url>
  </grant_loan>
  <grant_loan>
    <agency>U.S. Dept of Agriculture</agency>
    <description>Commodity loan programs allow producers of designated crops to receive a loan from the government at a commodity-specific loan rate per unit of production by pledging production as loan collateral. After harvest, a farmer may obtain a loan for all or part of the new commodity production.</description>
    <gov_type>Federal</gov_type>
    <industry>Agriculture</industry>
    <is_contractor>0</is_contractor>
    <is_development>0</is_development>
    <is_disabled>0</is_disabled>
    <is_disaster>0</is_disaster>
    <is_exporting>0</is_exporting>
    <is_general_purpose>0</is_general_purpose>
    <is_green>0</is_green>
    <is_military>0</is_military>
    <is_minority>0</is_minority>
    <is_rural>0</is_rural>
    <is_woman>0</is_woman>
    <loan_type>Loan</loan_type>
    <state_name nil="true" />
    <title>Marketing Assistance Loan and LDP Programs</title>
    <url>http://www.usda.gov/wps/portal/usda/!ut/p/c4/04_SB8K8xLLM9MSSzPy8xBz9CP0os_gAC9-wMJ8QY0MDpxBDA09nXw9DFxcXQ-cAA_2CbEdFAEUOjoE!/?navid=MARKETING_ASSISTANCE&amp;edeployment_action=retrievecontent</url>
  </grant_loan>
  <grant_loan>
    <agency>U.S. Dept of Agriculture</agency>
    <description>FSA guaranteed loans provide lenders with a guarantee of up to 95 percent of the loss of principal and interest on a loan. Farmers and ranchers apply to an agricultural lender, which then arranges for the guarantee.</description>
    <gov_type>Federal</gov_type>
    <industry>Agriculture</industry>
    <is_contractor>0</is_contractor>
    <is_development>0</is_development>
    <is_disabled>0</is_disabled>
    <is_disaster>0</is_disaster>
    <is_exporting>0</is_exporting>
    <is_general_purpose>0</is_general_purpose>
    <is_green>0</is_green>
    <is_military>0</is_military>
    <is_minority>0</is_minority>
    <is_rural>0</is_rural>
    <is_woman>0</is_woman>
    <loan_type>Loan</loan_type>
    <state_name nil="true" />
    <title>Guaranteed Farm Loans</title>
    <url>http://www.fsa.usda.gov/FSA/webapp?area=home&amp;subject=fmlp&amp;topic=gfl</url>
  </grant_loan>
  <grant_loan>
    <agency>U.S. Dept of Agriculture</agency>
    <description>Makes and guarantees loans to approved socially disadvantaged applicants to buy and operate family-size farms and ranches.</description>
    <gov_type>Federal</gov_type>
    <industry>Agriculture</industry>
    <is_contractor>0</is_contractor>
    <is_development>0</is_development>
    <is_disabled>0</is_disabled>
    <is_disaster>0</is_disaster>
    <is_exporting>0</is_exporting>
    <is_general_purpose>0</is_general_purpose>
    <is_green>0</is_green>
    <is_military>0</is_military>
    <is_minority>1</is_minority>
    <is_rural>0</is_rural>
    <is_woman>0</is_woman>
    <loan_type>Loan</loan_type>
    <state_name nil="true" />
    <title>Socially Disadvantaged Farmers and Ranchers</title>
    <url>http://www.fsa.usda.gov/FSA/webapp?area=home&amp;subject=fmlp&amp;topic=sfl</url>
  </grant_loan>
  <grant_loan>
    <agency>U.S. Dept of the Interior</agency>
    <description>Financing for Indian-owned businesses that significantly contribute to a Tribe's economy.</description>
    <gov_type>Federal</gov_type>
    <industry nil="true" />
    <is_contractor>0</is_contractor>
    <is_development>0</is_development>
    <is_disabled>0</is_disabled>
    <is_disaster>0</is_disaster>
    <is_exporting>0</is_exporting>
    <is_general_purpose>0</is_general_purpose>
    <is_green>0</is_green>
    <is_military>0</is_military>
    <is_minority>1</is_minority>
    <is_rural>0</is_rural>
    <is_woman>0</is_woman>
    <loan_type>Loan</loan_type>
    <state_name nil="true" />
    <title>Indian Loan Guaranty and Interest Subsidy Program</title>
    <url>http://www.bia.gov/idc/groups/public/documents/text/idc-001933.pdf</url>
  </grant_loan>
  <grant_loan>
    <agency>U.S. Small Business Administration</agency>
    <description>If you are in a declared disaster area and are the victim of a disaster, you may be eligible for financial assistance from the U.S. Small Business Administration - even if you don't own a business. As a homeowner, renter and/or personal-property owner, you may apply to the SBA for a loan to help you recover from a disaster.</description>
    <gov_type>Federal</gov_type>
    <industry nil="true" />
    <is_contractor>0</is_contractor>
    <is_development>0</is_development>
    <is_disabled>0</is_disabled>
    <is_disaster>1</is_disaster>
    <is_exporting>0</is_exporting>
    <is_general_purpose>0</is_general_purpose>
    <is_green>0</is_green>
    <is_military>0</is_military>
    <is_minority>0</is_minority>
    <is_rural>0</is_rural>
    <is_woman>0</is_woman>
    <loan_type>Loan</loan_type>
    <state_name nil="true" />
    <title>Home and Personal Property Loans</title>
    <url>http://www.sba.gov/content/home-and-personal-property-loans</url>
  </grant_loan>
  <grant_loan>
    <agency>U.S. Small Business Administration</agency>
    <description>Provides very small loans to start-up, newly established, or growing small business concerns. SBA makes funds available to nonprofit community based lenders which, in turn, make loans to eligible borrowers in amounts up to a maximum of $35,000. Applications are submitted to the local intermediary and all credit decisions are made on the local level. </description>
    <gov_type>Federal</gov_type>
    <industry>Child Care</industry>
    <is_contractor>0</is_contractor>
    <is_development>1</is_development>
    <is_disabled>0</is_disabled>
    <is_disaster>0</is_disaster>
    <is_exporting>0</is_exporting>
    <is_general_purpose>1</is_general_purpose>
    <is_green>0</is_green>
    <is_military>0</is_military>
    <is_minority>0</is_minority>
    <is_rural>0</is_rural>
    <is_woman>0</is_woman>
    <loan_type>Loan</loan_type>
    <state_name nil="true" />
    <title>Microloan Program</title>
    <url>http://www.sba.gov/content/microloan-program</url>
  </grant_loan>
  <grant_loan>
    <agency>U.S. Small Business Administration</agency>
    <description>Community Express is an SBA pilot, 7(a) loan program for small businesses in low and moderate income areas.  Lenders are not required to take collateral for loans up to $25,000. Lenders may use their existing collateral policy for loans over $25,000 up to $250,000. To learn more, contact your local district office. </description>
    <gov_type>Federal</gov_type>
    <industry nil="true" />
    <is_contractor>0</is_contractor>
    <is_development>0</is_development>
    <is_disabled>0</is_disabled>
    <is_disaster>0</is_disaster>
    <is_exporting>0</is_exporting>
    <is_general_purpose>1</is_general_purpose>
    <is_green>0</is_green>
    <is_military>0</is_military>
    <is_minority>0</is_minority>
    <is_rural>0</is_rural>
    <is_woman>0</is_woman>
    <loan_type>Loan</loan_type>
    <state_name>Alabama</state_name>
    <title>Community Express</title>
    <url>http://www.sba.gov/content/express-programs</url>
  </grant_loan>
  <grant_loan>
    <agency>U.S. Small Business Administration</agency>
    <description>Small business owners and entrepreneurs don't  always need large loans.  The Community Advantage and Small Loan Advantage programs help business owners get crucial small loans (under $250,000) with a streamlined application, minimal paperwork, and fast turnaround times, while still offering SBA's highest guarantee. These funds are available to financial institutions for the purpose of extending credit to small businesses.</description>
    <gov_type>Federal</gov_type>
    <industry nil="true" />
    <is_contractor>0</is_contractor>
    <is_development>0</is_development>
    <is_disabled>0</is_disabled>
    <is_disaster>0</is_disaster>
    <is_exporting>0</is_exporting>
    <is_general_purpose>1</is_general_purpose>
    <is_green>0</is_green>
    <is_military>0</is_military>
    <is_minority>0</is_minority>
    <is_rural>0</is_rural>
    <is_woman>0</is_woman>
    <loan_type>Loan</loan_type>
    <state_name nil="true" />
    <title>Community Advantage</title>
    <url>http://www.sba.gov/advantage</url>
  </grant_loan>
  <grant_loan>
    <agency>U.S. Small Business Administration</agency>
    <description>The CDC/504 loan program is a long-term financing tool for economic development within a community. The 504 Program provides growing businesses with long-term, fixed-rate financing for major fixed assets, such as land and buildings.</description>
    <gov_type>Federal</gov_type>
    <industry nil="true" />
    <is_contractor>0</is_contractor>
    <is_development>1</is_development>
    <is_disabled>0</is_disabled>
    <is_disaster>0</is_disaster>
    <is_exporting>0</is_exporting>
    <is_general_purpose>0</is_general_purpose>
    <is_green>0</is_green>
    <is_military>0</is_military>
    <is_minority>0</is_minority>
    <is_rural>0</is_rural>
    <is_woman>0</is_woman>
    <loan_type>Loan</loan_type>
    <state_name nil="true" />
    <title>Certified Development Company (CDC) 504 Loan Program</title>
    <url>http://www.sba.gov/content/cdc504-loan-program</url>
  </grant_loan>
  <grant_loan>
    <agency>U.S. Small Business Administration</agency>
    <description>The SBA Export Express program provides exporters and lenders a streamlined method to obtain SBA backed financing for loans and lines of credit up to $500,000. Lenders use their own credit decision process and loan documentation; exporters get access to their funds faster. The SBA provides an expedited eligibility review and provides a response in 36 hours or less. To learn more, contact your local district office. </description>
    <gov_type>Federal</gov_type>
    <industry nil="true" />
    <is_contractor>0</is_contractor>
    <is_development>0</is_development>
    <is_disabled>0</is_disabled>
    <is_disaster>0</is_disaster>
    <is_exporting>1</is_exporting>
    <is_general_purpose>0</is_general_purpose>
    <is_green>0</is_green>
    <is_military>0</is_military>
    <is_minority>0</is_minority>
    <is_rural>0</is_rural>
    <is_woman>0</is_woman>
    <loan_type>Loan</loan_type>
    <state_name nil="true" />
    <title>Export Express</title>
    <url>http://www.sba.gov/content/export-loan-programs#Export Express Program</url>
  </grant_loan>
  <grant_loan>
    <agency>U.S. Small Business Administration</agency>
    <description>The Community Adjustment and Investment Program (CAIP) was established to assist U.S. companies doing business in areas of the country that have been negatively affected by the North American Free Trade Agreement (NAFTA). CAIP loans allow for the payment of fees on eligible loans, including the 7(a) Loan Program guaranty fee and the 504 program guaranty and CDC and lender fees. Depending on the size of the loan, these fees can be sizeable. CAIP works with SBA to reduce borrower costs and increase the availability of these programs.</description>
    <gov_type>Federal</gov_type>
    <industry nil="true" />
    <is_contractor>0</is_contractor>
    <is_development>1</is_development>
    <is_disabled>0</is_disabled>
    <is_disaster>0</is_disaster>
    <is_exporting>0</is_exporting>
    <is_general_purpose>1</is_general_purpose>
    <is_green>0</is_green>
    <is_military>0</is_military>
    <is_minority>0</is_minority>
    <is_rural>0</is_rural>
    <is_woman>0</is_woman>
    <loan_type>Loan</loan_type>
    <state_name nil="true" />
    <title> Community Adjustment and Investment Program (CAIP)</title>
    <url>http://www.sba.gov/content/caip</url>
  </grant_loan>
  <grant_loan>
    <agency>U.S. Small Business Administration</agency>
    <description>Small businesses, small agricultural cooperatives and certain private, non-profit organizations of all sizes that have suffered substantial economic injury resulting from a physical disaster or an agricultural production disaster designated by the Secretary of Agriculture may be eligible for the SBA's Economic Injury Disaster Loan Program.</description>
    <gov_type>Federal</gov_type>
    <industry nil="true" />
    <is_contractor>0</is_contractor>
    <is_development>0</is_development>
    <is_disabled>0</is_disabled>
    <is_disaster>1</is_disaster>
    <is_exporting>0</is_exporting>
    <is_general_purpose>0</is_general_purpose>
    <is_green>0</is_green>
    <is_military>0</is_military>
    <is_minority>0</is_minority>
    <is_rural>0</is_rural>
    <is_woman>0</is_woman>
    <loan_type>Loan</loan_type>
    <state_name nil="true" />
    <title>Economic Injury Loans</title>
    <url>http://www.sba.gov/content/economic-injury-disaster-loans</url>
  </grant_loan>
  <grant_loan>
    <agency>U.S. Small Business Administration</agency>
    <description>Any business or private, nonprofit organization that is located in a declared disaster area and has incurred damage during the disaster may apply for a loan to help replace damaged property or restore it to the condition it was in before the disaster. If your business or private, nonprofit organization - large or small - has suffered physical damage as a result of a disaster, you may be eligible for financial assistance from the U.S. Small Business Administration. SBA makes physical disaster loans of up to $2 million to qualified businesses or private, nonprofit organizations.</description>
    <gov_type>Federal</gov_type>
    <industry nil="true" />
    <is_contractor>0</is_contractor>
    <is_development>0</is_development>
    <is_disabled>0</is_disabled>
    <is_disaster>1</is_disaster>
    <is_exporting>0</is_exporting>
    <is_general_purpose>0</is_general_purpose>
    <is_green>0</is_green>
    <is_military>0</is_military>
    <is_minority>0</is_minority>
    <is_rural>0</is_rural>
    <is_woman>0</is_woman>
    <loan_type>Loan</loan_type>
    <state_name nil="true" />
    <title>Business Physical Disaster Loans</title>
    <url>http://www.sba.gov/content/business-physical-disaster-loans</url>
  </grant_loan>
  <grant_loan>
    <agency>U.S. Small Business Administration</agency>
    <description>CAPLines is the umbrella program under which the SBA helps small businesses meet their short-term and cyclical working-capital needs.</description>
    <gov_type>Federal</gov_type>
    <industry nil="true" />
    <is_contractor>0</is_contractor>
    <is_development>1</is_development>
    <is_disabled>0</is_disabled>
    <is_disaster>0</is_disaster>
    <is_exporting>0</is_exporting>
    <is_general_purpose>1</is_general_purpose>
    <is_green>0</is_green>
    <is_military>0</is_military>
    <is_minority>0</is_minority>
    <is_rural>0</is_rural>
    <is_woman>0</is_woman>
    <loan_type>Loan</loan_type>
    <state_name nil="true" />
    <title>CAPLines</title>
    <url>http://www.sba.gov/content/caplines</url>
  </grant_loan>
  <grant_loan>
    <agency>U.S. Small Business Administration</agency>
    <description>Small business owenrs and entrepreneurs don't  always need large loans.  The  Advantage programs help business owners get crucial small loans (under $250,000) with a streamlined application, minimal paperwork, and fast turnaround times, while still offering SBA's highest guarantee. These funds are available to financial institutions for the purpose of extending credit to small businesses.</description>
    <gov_type>Federal</gov_type>
    <industry nil="true" />
    <is_contractor>0</is_contractor>
    <is_development>0</is_development>
    <is_disabled>0</is_disabled>
    <is_disaster>0</is_disaster>
    <is_exporting>0</is_exporting>
    <is_general_purpose>1</is_general_purpose>
    <is_green>0</is_green>
    <is_military>0</is_military>
    <is_minority>0</is_minority>
    <is_rural>0</is_rural>
    <is_woman>0</is_woman>
    <loan_type>Loan</loan_type>
    <state_name nil="true" />
    <title>SBA Preferred Lender Program</title>
    <url>http://www.sba.gov/advantage</url>
  </grant_loan>
  <grant_loan>
    <agency>U.S. Small Business Administration</agency>
    <description>Provides financing to eligible small businesses for the planning, design, or installation of a pollution control facility.  ** Note: Pollution Control loans are not being dispersed at this time.  Please check back for updates.</description>
    <gov_type>Federal</gov_type>
    <industry>Environmental Management</industry>
    <is_contractor>0</is_contractor>
    <is_development>0</is_development>
    <is_disabled>0</is_disabled>
    <is_disaster>0</is_disaster>
    <is_exporting>0</is_exporting>
    <is_general_purpose>0</is_general_purpose>
    <is_green>1</is_green>
    <is_military>0</is_military>
    <is_minority>0</is_minority>
    <is_rural>0</is_rural>
    <is_woman>0</is_woman>
    <loan_type>Loan</loan_type>
    <state_name nil="true" />
    <title>Pollution Control Loans</title>
    <url>http://www.sba.gov/content/pollution-control</url>
  </grant_loan>
  <grant_loan>
    <agency>U.S. Small Business Administration</agency>
    <description>The SBA International Trade Loan program is a term loan designed for businesses that plan to start/continue exporting or those that that have been adversely affected by competition from imports. The proceeds of the loan must enable the borrower to be in a better position to compete.</description>
    <gov_type>Federal</gov_type>
    <industry nil="true" />
    <is_contractor>0</is_contractor>
    <is_development>0</is_development>
    <is_disabled>0</is_disabled>
    <is_disaster>0</is_disaster>
    <is_exporting>1</is_exporting>
    <is_general_purpose>0</is_general_purpose>
    <is_green>0</is_green>
    <is_military>0</is_military>
    <is_minority>0</is_minority>
    <is_rural>0</is_rural>
    <is_woman>0</is_woman>
    <loan_type>Loan</loan_type>
    <state_name nil="true" />
    <title>International Trade Loans</title>
    <url>http://www.sba.gov/content/export-loan-programs#International Trade Loan Program</url>
  </grant_loan>
  <grant_loan>
    <agency>U.S. Small Business Administration</agency>
    <description>Provides financial assistance for veterans and members of the military community wanting to establish or expand small businesses.  To learn more, contact your local district office. </description>
    <gov_type>Federal</gov_type>
    <industry nil="true" />
    <is_contractor>0</is_contractor>
    <is_development>0</is_development>
    <is_disabled>0</is_disabled>
    <is_disaster>0</is_disaster>
    <is_exporting>0</is_exporting>
    <is_general_purpose>0</is_general_purpose>
    <is_green>0</is_green>
    <is_military>1</is_military>
    <is_minority>0</is_minority>
    <is_rural>0</is_rural>
    <is_woman>0</is_woman>
    <loan_type>Loan</loan_type>
    <state_name nil="true" />
    <title>Patriot Express Pilot Loan Initiative</title>
    <url>http://www.sba.gov/content/express-programs</url>
  </grant_loan>
  <grant_loan>
    <agency>U.S. Small Business Administration</agency>
    <description>The Employee Trusts program is designed to provide financial assistance to Employee Stock Ownership Plans.  The SBA can assist qualified employee trusts that meet the requirements and conditions for an Employee Stock Ownership Plan (ESOP) as prescribed in all applicable IRS, Treasury, and Department of Labor regulations. Your small business must provide all the funds needed to collaterize and repay the loan.</description>
    <gov_type>Federal</gov_type>
    <industry nil="true" />
    <is_contractor>0</is_contractor>
    <is_development>1</is_development>
    <is_disabled>0</is_disabled>
    <is_disaster>0</is_disaster>
    <is_exporting>0</is_exporting>
    <is_general_purpose>0</is_general_purpose>
    <is_green>0</is_green>
    <is_military>0</is_military>
    <is_minority>0</is_minority>
    <is_rural>0</is_rural>
    <is_woman>0</is_woman>
    <loan_type>Loan</loan_type>
    <state_name nil="true" />
    <title>Employee Trusts</title>
    <url>http://www.sba.gov/content/employee-trusts</url>
  </grant_loan>
  <grant_loan>
    <agency>U.S. Small Business Administration</agency>
    <description>If you are in a declared disaster area and are the victim of a disaster, you may be eligible for financial assistance from the U.S. Small Business Administration - even if you don't own a business. As a homeowner, renter and/or personal-property owner, you may apply to the SBA for a loan to help you recover from a disaster.</description>
    <gov_type>Federal</gov_type>
    <industry nil="true" />
    <is_contractor>0</is_contractor>
    <is_development>0</is_development>
    <is_disabled>0</is_disabled>
    <is_disaster>1</is_disaster>
    <is_exporting>0</is_exporting>
    <is_general_purpose>0</is_general_purpose>
    <is_green>0</is_green>
    <is_military>0</is_military>
    <is_minority>0</is_minority>
    <is_rural>0</is_rural>
    <is_woman>0</is_woman>
    <loan_type>Loan</loan_type>
    <state_name nil="true" />
    <title>Disaster Assistance Loans</title>
    <url>http://www.sba.gov/category/navigation-structure/loans-grants/small-business-loans/disaster-loans</url>
  </grant_loan>
  <grant_loan>
    <agency>U.S. Small Business Administration</agency>
    <description>The Military Reservist Economic Injury Disaster Loan program (MREIDL) provides funds to help an eligible small business meet ordinary and necessary operating expenses that it could have met, but is unable to meet, because an essential employee was called-up to active duty in their role as a military reservist.</description>
    <gov_type>Federal</gov_type>
    <industry nil="true" />
    <is_contractor>0</is_contractor>
    <is_development>0</is_development>
    <is_disabled>0</is_disabled>
    <is_disaster>0</is_disaster>
    <is_exporting>0</is_exporting>
    <is_general_purpose>1</is_general_purpose>
    <is_green>0</is_green>
    <is_military>0</is_military>
    <is_minority>0</is_minority>
    <is_rural>0</is_rural>
    <is_woman>0</is_woman>
    <loan_type>Loan</loan_type>
    <state_name nil="true" />
    <title>Military Reservists Economic Injury Loans</title>
    <url>http://www.sba.gov/content/military-reservists-economic-injury-loans</url>
  </grant_loan>
  <grant_loan>
    <agency>U.S. Small Business Administration</agency>
    <description>Small business owenrs and entrepreneurs don't  always need large loans.  The Advantage programs help business owners get crucial small loans (under $250,000) with a streamlined application, minimal paperwork, and fast turnaround times, while still offering SBA's highest guarantee. These funds are available to financial institutions for the purpose of extending credit to small businesses.</description>
    <gov_type>Federal</gov_type>
    <industry nil="true" />
    <is_contractor>0</is_contractor>
    <is_development>0</is_development>
    <is_disabled>0</is_disabled>
    <is_disaster>0</is_disaster>
    <is_exporting>0</is_exporting>
    <is_general_purpose>1</is_general_purpose>
    <is_green>0</is_green>
    <is_military>0</is_military>
    <is_minority>0</is_minority>
    <is_rural>0</is_rural>
    <is_woman>0</is_woman>
    <loan_type>Loan</loan_type>
    <state_name nil="true" />
    <title>Mission-Focused Lenders</title>
    <url>http://www.sba.gov/advantage</url>
  </grant_loan>
  <grant_loan>
    <agency>U.S. Small Business Administration</agency>
    <description>Small business owners and entrepreneurs don’t always need large loans.  The Community Advantage and Small Loan Advantage programs help business owners get crucial smaller loans (under $250,000) with a streamlined application, minimal paperwork and fast turnaround times, while still offering SBA’s highest guarantee.</description>
    <gov_type>Federal</gov_type>
    <industry nil="true" />
    <is_contractor>0</is_contractor>
    <is_development>0</is_development>
    <is_disabled>0</is_disabled>
    <is_disaster>0</is_disaster>
    <is_exporting>0</is_exporting>
    <is_general_purpose>1</is_general_purpose>
    <is_green>0</is_green>
    <is_military>0</is_military>
    <is_minority>0</is_minority>
    <is_rural>0</is_rural>
    <is_woman>0</is_woman>
    <loan_type>Loan</loan_type>
    <state_name nil="true" />
    <title>Small Loan Advantage</title>
    <url>http://www.sba.gov/advantage</url>
  </grant_loan>
  <grant_loan>
    <agency>U.S. Small Business Administration</agency>
    <description>For starting, acquiring and expanding a small business, 7(a) loans are the most basic and most used type loan of SBA's business loan programs. Borrowers must apply through a participating lender institution.</description>
    <gov_type>Federal</gov_type>
    <industry nil="true" />
    <is_contractor>0</is_contractor>
    <is_development>1</is_development>
    <is_disabled>0</is_disabled>
    <is_disaster>0</is_disaster>
    <is_exporting>0</is_exporting>
    <is_general_purpose>1</is_general_purpose>
    <is_green>0</is_green>
    <is_military>0</is_military>
    <is_minority>0</is_minority>
    <is_rural>0</is_rural>
    <is_woman>0</is_woman>
    <loan_type>Loan</loan_type>
    <state_name nil="true" />
    <title>Basic 7(a) Loan Program</title>
    <url>http://www.sba.gov/category/navigation-structure/loans-grants/small-business-loans/sba-loan-programs/7a-loan-program</url>
  </grant_loan>
  <grant_loan>
    <agency>U.S. Small Business Administration</agency>
    <description>SBA's Export Working Capital Program (EWCP) loans are targeted for businesses that are able to generate export sales and need additional working capital to support these sales.</description>
    <gov_type>Federal</gov_type>
    <industry nil="true" />
    <is_contractor>0</is_contractor>
    <is_development>0</is_development>
    <is_disabled>0</is_disabled>
    <is_disaster>0</is_disaster>
    <is_exporting>1</is_exporting>
    <is_general_purpose>0</is_general_purpose>
    <is_green>0</is_green>
    <is_military>0</is_military>
    <is_minority>0</is_minority>
    <is_rural>0</is_rural>
    <is_woman>0</is_woman>
    <loan_type>Loan</loan_type>
    <state_name nil="true" />
    <title>Export Working Capital</title>
    <url>http://www.sba.gov/content/export-loan-programs#Export Working Capital Program (EWCP)</url>
  </grant_loan>
  <grant_loan>
    <agency>U.S. Small Business Administration</agency>
    <description>SBICs are privately owned and managed investment funds, licensed and regulated by SBA, that use their own capital plus funds borrowed with an SBA guarantee to make equity and debt investments in qualifying small businesses.</description>
    <gov_type>Federal</gov_type>
    <industry nil="true" />
    <is_contractor>0</is_contractor>
    <is_development>0</is_development>
    <is_disabled>0</is_disabled>
    <is_disaster>0</is_disaster>
    <is_exporting>0</is_exporting>
    <is_general_purpose>1</is_general_purpose>
    <is_green>0</is_green>
    <is_military>0</is_military>
    <is_minority>0</is_minority>
    <is_rural>0</is_rural>
    <is_woman>0</is_woman>
    <loan_type>Venture Capital</loan_type>
    <state_name nil="true" />
    <title>Small Business Investment Company (SBIC) Financing </title>
    <url>http://www.sba.gov/content/sbic-program-0</url>
  </grant_loan>
  <grant_loan>
    <agency>U.S. Small Business Administration</agency>
    <description>A developmental venture capital program designed to promote economic development and the creation of wealth and job opportunities in low-income geographic areas and among individuals living in such areas.</description>
    <gov_type>Federal</gov_type>
    <industry nil="true" />
    <is_contractor>0</is_contractor>
    <is_development>1</is_development>
    <is_disabled>0</is_disabled>
    <is_disaster>0</is_disaster>
    <is_exporting>0</is_exporting>
    <is_general_purpose>1</is_general_purpose>
    <is_green>0</is_green>
    <is_military>0</is_military>
    <is_minority>0</is_minority>
    <is_rural>0</is_rural>
    <is_woman>0</is_woman>
    <loan_type>Venture Capital</loan_type>
    <state_name nil="true" />
    <title>New Markets Venture Capital</title>
    <url>http://www.sba.gov/content/new-markets-venture-capital-companies</url>
  </grant_loan>
  <grant_loan>
    <agency>Department of Housing and Urban Development</agency>
    <description>It is designed to promote, grants under the Supportive Housing Program are awarded through a national competition held annually, as part of a local Continuum of Care strategy, the development of supportive housing and supportive services to assist homeless persons in the transition from homelessness and to enable them to live as independently as possible.</description>
    <gov_type>Federal</gov_type>
    <industry nil="true" />
    <is_contractor>0</is_contractor>
    <is_development>0</is_development>
    <is_disabled>0</is_disabled>
    <is_disaster>0</is_disaster>
    <is_exporting>0</is_exporting>
    <is_general_purpose>1</is_general_purpose>
    <is_green>0</is_green>
    <is_military>0</is_military>
    <is_minority>0</is_minority>
    <is_rural>0</is_rural>
    <is_woman>0</is_woman>
    <loan_type>Grant</loan_type>
    <state_name nil="true" />
    <title>Supportive Housing Program</title>
    <url>http://www.hud.gov/offices/cpd/homeless/programs/shp/</url>
  </grant_loan>
  <grant_loan>
    <agency>Department of Housing and Urban Development</agency>
    <description>The Single Room Occupancy (SRO) Program provides rental assistance for applicable properties that will—when the renovations are complete contain upgraded single occupancy units for individuals who are homeless. </description>
    <gov_type>Federal</gov_type>
    <industry nil="true" />
    <is_contractor>0</is_contractor>
    <is_development>0</is_development>
    <is_disabled>0</is_disabled>
    <is_disaster>0</is_disaster>
    <is_exporting>0</is_exporting>
    <is_general_purpose>1</is_general_purpose>
    <is_green>0</is_green>
    <is_military>0</is_military>
    <is_minority>0</is_minority>
    <is_rural>0</is_rural>
    <is_woman>0</is_woman>
    <loan_type>Grant</loan_type>
    <state_name nil="true" />
    <title>Single-Room Occupancy (SRO) Program</title>
    <url>http://www.hudhre.info/index.cfm?do=viewSroProgram</url>
  </grant_loan>
  <grant_loan>
    <agency>Department of Justice</agency>
    <description>Grants made under this grant program support programs that provide assistance to victims of domestic violence, dating violence, sexual assault, and stalking who are in need of transitional housing, short-term housing assistance, and related support services, including counseling, support groups, safety planning, and advocacy services as well as practical services such as licensed child care, employment services, transportation vouchers, telephones, and referrals to other agencies. </description>
    <gov_type>Federal</gov_type>
    <industry nil="true" />
    <is_contractor>0</is_contractor>
    <is_development>0</is_development>
    <is_disabled>0</is_disabled>
    <is_disaster>0</is_disaster>
    <is_exporting>0</is_exporting>
    <is_general_purpose>1</is_general_purpose>
    <is_green>0</is_green>
    <is_military>0</is_military>
    <is_minority>0</is_minority>
    <is_rural>0</is_rural>
    <is_woman>0</is_woman>
    <loan_type>Grant</loan_type>
    <state_name nil="true" />
    <title>Transitional Housing Assistance Program</title>
    <url>http://www.ovw.usdoj.gov/thousing_grant_desc.htm</url>
  </grant_loan>
  <grant_loan>
    <agency>Department of Justice</agency>
    <description>The primary purpose of the Rural Program is to enhance the safety of children, youth, and adults who are victims of domestic violence, dating violence, sexual assault, and stalking by supporting projects uniquely designed to address and prevent these crimes in rural jurisdictions.    Eligible applicants are States, Indian tribes, local governments, and nonprofit, public, or private entities, including tribal nonprofit organizations and faith-based or community organizations. </description>
    <gov_type>Federal</gov_type>
    <industry nil="true" />
    <is_contractor>0</is_contractor>
    <is_development>0</is_development>
    <is_disabled>0</is_disabled>
    <is_disaster>0</is_disaster>
    <is_exporting>0</is_exporting>
    <is_general_purpose>0</is_general_purpose>
    <is_green>0</is_green>
    <is_military>0</is_military>
    <is_minority>0</is_minority>
    <is_rural>1</is_rural>
    <is_woman>0</is_woman>
    <loan_type>Grant</loan_type>
    <state_name nil="true" />
    <title>Rural Grant Program</title>
    <url>http://www.ovw.usdoj.gov/rural_grant_desc.htm</url>
  </grant_loan>
  <grant_loan>
    <agency>Department of Justice</agency>
    <description>Disability Grant Program recipients will provide training, consultation, and information on domestic violence, dating violence, stalking, and sexual assault against individuals with disabilities and enhance direct services to such individuals.  By statute, eligible applicants include states; units of local government; Indian tribal governments or tribal organizations; and non profit and non-governmental victim services organizations, such as a state domestic violence or sexual assault coalitions or nonprofit, nongovernmental organization serving disabled individuals.</description>
    <gov_type>Federal</gov_type>
    <industry nil="true" />
    <is_contractor>0</is_contractor>
    <is_development>0</is_development>
    <is_disabled>0</is_disabled>
    <is_disaster>0</is_disaster>
    <is_exporting>0</is_exporting>
    <is_general_purpose>1</is_general_purpose>
    <is_green>0</is_green>
    <is_military>0</is_military>
    <is_minority>0</is_minority>
    <is_rural>0</is_rural>
    <is_woman>0</is_woman>
    <loan_type>Grant</loan_type>
    <state_name nil="true" />
    <title>Disability Grant Program</title>
    <url> http://www.ovw.usdoj.gov/WomenwithDisabilitiesBrief2002.htm</url>
  </grant_loan>
  <grant_loan>
    <agency>Department of Veteran Affairs</agency>
    <description>The purpose of the Grant and Per Diem Program is to fund community agencies providing services to homeless Veterans.  </description>
    <gov_type>Federal</gov_type>
    <industry nil="true" />
    <is_contractor>0</is_contractor>
    <is_development>0</is_development>
    <is_disabled>0</is_disabled>
    <is_disaster>0</is_disaster>
    <is_exporting>0</is_exporting>
    <is_general_purpose>1</is_general_purpose>
    <is_green>0</is_green>
    <is_military>0</is_military>
    <is_minority>0</is_minority>
    <is_rural>0</is_rural>
    <is_woman>0</is_woman>
    <loan_type>Grant</loan_type>
    <state_name nil="true" />
    <title>Homeless Providers Grant and Per Diem Program</title>
    <url>http://www.va.gov/HOMELESS/GPD.asp</url>
  </grant_loan>
  <grant_loan>
    <agency>U.S. Small Business Administration</agency>
    <description>These two programs award a specific percentage of Federal R&amp;D funds to qualified small businesses. SBIR/STTR programs encourage small firms to undertake scientific research that helps meet Federal R&amp;D objectives, and have high potential for commercialization if successful.</description>
    <gov_type>Federal</gov_type>
    <industry>Technology</industry>
    <is_contractor>1</is_contractor>
    <is_development>0</is_development>
    <is_disabled>0</is_disabled>
    <is_disaster>0</is_disaster>
    <is_exporting>0</is_exporting>
    <is_general_purpose>1</is_general_purpose>
    <is_green>0</is_green>
    <is_military>0</is_military>
    <is_minority>0</is_minority>
    <is_rural>0</is_rural>
    <is_woman>0</is_woman>
    <loan_type>Grant</loan_type>
    <state_name nil="true" />
    <title>Small Business Innovation Research (SBIR) Program &amp; Small Business Technology Transfer (STTR)</title>
    <url>http://www.sba.gov/about-sba-services/7050</url>
  </grant_loan>
</grant_loans>